2018-09-06,Atlanta Falcons,,Philadelphia Eagles,
2018-09-09,Tampa Bay Buccaneers,,New Orleans Saints,
2018-09-09,San Francisco 49ers,,Minnesota Vikings,
2018-09-09,Tennessee Titans,,Miami Dolphins,
2018-09-09,Jacksonville Jaguars,,New York Giants,
2018-09-09,Pittsburgh Steelers,,Cleveland Browns,
2018-09-09,Houston Texans,,New England Patriots,
2018-09-09,Cincinnati Bengals,,Indianapolis Colts,
2018-09-09,Buffalo Bills,,Baltimore Ravens,
2018-09-09,Kansas City Chiefs,,Los Angeles Chargers,
2018-09-09,Dallas Cowboys,,Carolina Panthers,
2018-09-09,Washington Football Team,,Arizona Cardinals,
2018-09-09,Seattle Seahawks,,Denver Broncos,
2018-09-09,Chicago Bears,,Green Bay Packers,
2018-09-10,New York Jets,,Detroit Lions,
2018-09-10,Los Angeles Rams,,Oakland Raiders,
2018-09-13,Baltimore Ravens,,Cincinnati Bengals,
2018-09-16,Minnesota Vikings,,Green Bay Packers,
2018-09-16,Philadelphia Eagles,,Tampa Bay Buccaneers,
2018-09-16,Carolina Panthers,,Atlanta Falcons,
2018-09-16,Kansas City Chiefs,,Pittsburgh Steelers,
2018-09-16,Miami Dolphins,,New York Jets,
2018-09-16,Cleveland Browns,,New Orleans Saints,
2018-09-16,Houston Texans,,Tennessee Titans,
2018-09-16,Indianapolis Colts,,Washington Football Team,
2018-09-16,Los Angeles Chargers,,Buffalo Bills,
2018-09-16,Detroit Lions,,San Francisco 49ers,
2018-09-16,Arizona Cardinals,,Los Angeles Rams,
2018-09-16,New England Patriots,,Jacksonville Jaguars,
2018-09-16,Oakland Raiders,,Denver Broncos,
2018-09-16,New York Giants,,Dallas Cowboys,
2018-09-17,Seattle Seahawks,,Chicago Bears,
2018-09-20,New York Jets,,Cleveland Browns,
2018-09-23,New York Giants,,Houston Texans,
2018-09-23,Denver Broncos,,Baltimore Ravens,
2018-09-23,Indianapolis Colts,,Philadelphia Eagles,
2018-09-23,Buffalo Bills,,Minnesota Vikings,
2018-09-23,Green Bay Packers,,Washington Football Team,
2018-09-23,Cincinnati Bengals,,Carolina Panthers,
2018-09-23,New Orleans Saints,,Atlanta Falcons,
2018-09-23,San Francisco 49ers,,Kansas City Chiefs,
2018-09-23,Oakland Raiders,,Miami Dolphins,
2018-09-23,Tennessee Titans,,Jacksonville Jaguars,
2018-09-23,Los Angeles Chargers,,Los Angeles Rams,
2018-09-23,Dallas Cowboys,,Seattle Seahawks,
2018-09-23,Chicago Bears,,Arizona Cardinals,
2018-09-23,New England Patriots,,Detroit Lions,
2018-09-24,Pittsburgh Steelers,,Tampa Bay Buccaneers,
2018-09-27,Minnesota Vikings,,Los Angeles Rams,
2018-09-30,Miami Dolphins,,New England Patriots,
2018-09-30,New York Jets,,Jacksonville Jaguars,
2018-09-30,Houston Texans,,Indianapolis Colts,
2018-09-30,Buffalo Bills,,Green Bay Packers,
2018-09-30,Detroit Lions,,Dallas Cowboys,
2018-09-30,Tampa Bay Buccaneers,,Chicago Bears,
2018-09-30,Philadelphia Eagles,,Tennessee Titans,
2018-09-30,Cincinnati Bengals,,Atlanta Falcons,
2018-09-30,Cleveland Browns,,Oakland Raiders,
2018-09-30,Seattle Seahawks,,Arizona Cardinals,
2018-09-30,New Orleans Saints,,New York Giants,
2018-09-30,San Francisco 49ers,,Los Angeles Chargers,
2018-09-30,Baltimore Ravens,,Pittsburgh Steelers,
2018-10-01,Kansas City Chiefs,,Denver Broncos,
2018-10-04,Indianapolis Colts,,New England Patriots,
2018-10-07,New York Giants,,Carolina Panthers,
2018-10-07,Green Bay Packers,,Detroit Lions,
2018-10-07,Miami Dolphins,,Cincinnati Bengals,
2018-10-07,Atlanta Falcons,,Pittsburgh Steelers,
2018-10-07,Jacksonville Jaguars,,Kansas City Chiefs,
2018-10-07,Baltimore Ravens,,Cleveland Browns,
2018-10-07,Denver Broncos,,New York Jets,
2018-10-07,Tennessee Titans,,Buffalo Bills,
2018-10-07,Oakland Raiders,,Los Angeles Chargers,
2018-10-07,Arizona Cardinals,,San Francisco 49ers,
2018-10-07,Los Angeles Rams,,Seattle Seahawks,
2018-10-07,Minnesota Vikings,,Philadelphia Eagles,
2018-10-07,Dallas Cowboys,,Houston Texans,
2018-10-08,Washington Football Team,,New Orleans Saints,
2018-10-11,Philadelphia Eagles,,New York Giants,
2018-10-14,Chicago Bears,,Miami Dolphins,
2018-10-14,Carolina Panthers,,Washington Football Team,
2018-10-14,Indianapolis Colts,,New York Jets,
2018-10-14,Buffalo Bills,,Houston Texans,
2018-10-14,Seattle Seahawks,,Oakland Raiders,
2018-10-14,Pittsburgh Steelers,,Cincinnati Bengals,
2018-10-14,Arizona Cardinals,,Minnesota Vikings,
2018-10-14,Tampa Bay Buccaneers,,Atlanta Falcons,
2018-10-14,Los Angeles Chargers,,Cleveland Browns,
2018-10-14,Los Angeles Rams,,Denver Broncos,
2018-10-14,Baltimore Ravens,,Tennessee Titans,
2018-10-14,Jacksonville Jaguars,,Dallas Cowboys,
2018-10-14,Kansas City Chiefs,,New England Patriots,
2018-10-15,San Francisco 49ers,,Green Bay Packers,
2018-10-18,Denver Broncos,,Arizona Cardinals,
2018-10-21,Tennessee Titans,,Los Angeles Chargers,
2018-10-21,Carolina Panthers,,Philadelphia Eagles,
2018-10-21,Detroit Lions,,Miami Dolphins,
2018-10-21,New England Patriots,,Chicago Bears,
2018-10-21,Minnesota Vikings,,New York Jets,